M0008_2537,1994-07-29,10.07
M0008_2537,1994-08-01,10.07
M0008_2537,1994-08-02,10.07
M0008_2537,1994-08-03,10.07
M0008_2537,1994-08-04,10.07
M0008_2537,1994-08-05,10.25
M0008_2537,1994-08-08,10.25
M0008_2537,1994-08-09,10.25
M0008_2537,1994-08-10,10.25
M0008_2537,1994-08-11,10.14
M0008_2537,1994-08-15,10.14
M0008_2537,1994-08-16,10.14
M0008_2537,1994-08-17,10.14
M0008_2537,1994-08-18,10.14
M0008_2537,1994-08-19,10.48
M0008_2537,1994-08-23,10.48
M0008_2537,1994-08-22,10.48
M0008_2537,1994-08-25,10.48
M0008_2537,1994-08-24,10.48
M0008_2537,1994-08-26,10.27
M0008_2537,1994-08-29,10.27
M0008_2537,1994-08-30,10.27
M0008_2537,1994-08-31,10.27
M0008_2537,1994-09-01,10.27
M0008_2537,1994-09-02,10.81
M0008_2537,1994-09-06,10.81
M0008_2537,1994-09-05,10.81
M0008_2537,1994-09-07,10.81
M0008_2537,1994-09-08,10.81
M0008_2537,1994-09-09,10.67
M0008_2537,1994-09-12,10.67
M0008_2537,1994-09-13,10.67
M0008_2537,1994-09-14,10.67
M0008_2537,1994-09-15,10.67
M0008_2537,1994-09-16,10.91
M0008_2537,1994-07-29,10.07
M0008_2537,1994-08-01,10.07
M0008_2537,1994-08-02,10.07
M0008_2537,1994-08-03,10.07
M0008_2537,1994-08-05,10.25
M0008_2537,1994-08-08,10.25
M0008_2537,1994-08-09,10.25
M0008_2537,1994-08-10,10.25
M0008_2537,1994-08-11,10.14
M0008_2537,1994-08-04,10.07
M0008_2537,1994-08-15,10.14
M0008_2537,1994-08-16,10.14
M0008_2537,1994-08-17,10.14
M0008_2537,1994-08-18,10.14
M0008_2537,1994-08-19,10.48
M0008_2537,1994-08-22,10.48
M0008_2537,1994-08-23,10.48
M0008_2537,1994-08-24,10.48
M0008_2537,1994-08-25,10.48
M0008_2537,1994-08-26,10.27
M0008_2537,1994-08-29,10.27
M0008_2537,1994-08-30,10.27
M0008_2537,1994-08-31,10.27
M0008_2537,1994-09-01,10.27
M0008_2537,1994-09-02,10.81
M0008_2537,1994-09-05,10.81
M0008_2537,1994-09-06,10.81
M0008_2537,1994-09-07,10.81
M0008_2537,1994-09-08,10.81
M0008_2537,1994-09-09,10.67
M0008_2537,1994-09-12,10.67
M0008_2537,1994-09-13,10.67
M0008_2537,1994-09-14,10.67
M0008_2537,1994-09-15,10.67
M0008_2537,1994-09-16,10.91
M0008_2537,1994-09-19,10.91
M0008_2537,1994-09-20,10.91
M0008_2537,1994-09-21,10.91
M0008_2537,1994-09-22,10.91
M0008_2537,1994-09-23,10.63
M0008_2537,1994-09-26,10.63
M0008_2537,1994-09-27,10.63
M0008_2537,1994-09-28,10.63
M0008_2537,1994-09-29,10.63
M0008_2537,1994-09-30,10.6
M0008_2537,1994-10-03,10.6
M0008_2537,1994-10-04,10.6
M0008_2537,1994-10-05,10.6
M0008_2537,1994-10-06,10.6
M0008_2537,1994-10-07,10.5
M0008_2537,1994-10-10,10.5
M0008_2537,1994-10-11,10.5
M0008_2537,1994-10-12,10.5
M0008_2537,1994-10-13,10.5
M0008_2537,1994-10-14,10.89
M0008_2537,1994-10-17,10.89
M0008_2537,1994-10-18,10.89
M0008_2537,1994-10-19,10.89
M0008_2537,1994-10-20,10.89
M0008_2537,1994-10-21,11.24
M0008_2537,1994-10-25,11.24
M0008_2537,1994-10-26,11.24
M0008_2537,1994-10-27,11.24
M0008_2537,1994-10-28,11.17
M0008_2537,1994-10-31,11.17
M0008_2537,1994-11-01,11.17
M0008_2537,1994-11-02,11.17
M0008_2537,1994-11-03,11.17
M0008_2537,1994-11-04,11.28
M0008_2537,1994-11-07,11.28
M0008_2537,1994-11-08,11.28
M0008_2537,1994-11-09,11.28
M0008_2537,1994-11-10,11.28
M0008_2537,1994-11-11,10.8
M0008_2537,1994-11-14,10.8
M0008_2537,1994-11-15,10.8
M0008_2537,1994-11-16,10.8
M0008_2537,1994-11-17,10.8
M0008_2537,1994-11-18,10.82
M0008_2537,1994-11-21,10.82
M0008_2537,1994-11-22,10.82
M0008_2537,1994-11-23,10.82
M0008_2537,1994-11-24,10.82
M0008_2537,1994-11-25,10.13
M0008_2537,1994-11-28,10.13
M0008_2537,1994-11-29,10.13
M0008_2537,1994-11-30,10.13
M0008_2537,1994-12-01,10.13
M0008_2537,1994-12-02,10.08
M0008_2537,1994-12-06,10.08
M0008_2537,1994-12-07,10.08
M0008_2537,1994-12-08,10.08
M0008_2537,1994-12-09,9.6
M0008_2537,1994-12-13,9.6
M0008_2537,1994-12-14,9.6
M0008_2537,1994-12-15,9.6
M0008_2537,1994-12-16,9.96
M0008_2537,1994-12-19,9.96
M0008_2537,1994-12-21,9.96
M0008_2537,1994-12-20,9.96
M0008_2537,1994-12-22,9.96
M0008_2537,1994-12-23,10.16
M0008_2537,1994-12-26,10.16
M0008_2537,1994-12-27,10.16
M0008_2537,1994-12-28,10.16
M0008_2537,1994-12-29,10.16
M0008_2537,1994-12-30,10.11
M0008_2537,1995-01-04,10.11
M0008_2537,1995-01-03,10.11
M0008_2537,1995-01-05,10.11
M0008_2537,1995-01-06,10.06
M0008_2537,1995-01-09,10.06
M0008_2537,1995-01-10,10.06
M0008_2537,1995-01-11,10.06
M0008_2537,1995-01-12,10.06
M0008_2537,1995-01-13,9.3
M0008_2537,1995-01-16,9.3
M0008_2537,1995-01-17,9.3
M0008_2537,1995-01-18,9.3
M0008_2537,1995-01-19,9.3
M0008_2537,1995-01-20,9.31
M0008_2537,1995-01-23,9.31
M0008_2537,1995-01-24,9.31
M0008_2537,1995-01-25,9.31
M0008_2537,1995-01-26,9.31
M0008_2537,1995-01-27,9.08
M0008_2537,1995-01-30,9.08
M0008_2537,1995-01-31,9.08
M0008_2537,1995-02-01,9.08
M0008_2537,1995-02-02,9.08
M0008_2537,1995-02-03,9.5
M0008_2537,1995-02-07,9.5
M0008_2537,1995-02-06,9.5
M0008_2537,1995-02-08,9.5
M0008_2537,1995-02-09,9.5
M0008_2537,1995-02-10,9.65
M0008_2537,1995-02-13,9.65
M0008_2537,1995-02-15,9.65
M0008_2537,1995-02-16,9.65
M0008_2537,1995-02-17,9.68
M0008_2537,1995-02-20,9.68
M0008_2537,1995-02-21,9.68
M0008_2537,1995-02-22,9.68
M0008_2537,1995-02-23,9.68
M0008_2537,1995-02-24,9.61
M0008_2537,1995-02-27,9.61
M0008_2537,1995-02-28,9.61
M0008_2537,1995-03-01,9.61
M0008_2537,1995-03-03,9.4
M0008_2537,1995-03-02,9.61
M0008_2537,1995-03-06,9.4
M0008_2537,1995-03-07,9.4
M0008_2537,1995-03-08,9.4
M0008_2537,1995-03-09,8.63
M0008_2537,1995-03-10,8.63
M0008_2537,1995-03-14,8.63
M0008_2537,1995-03-13,8.63
M0008_2537,1995-03-15,8.63
M0008_2537,1995-03-16,8.63
M0008_2537,1995-03-17,8.62
M0008_2537,1995-03-20,8.62
M0008_2537,1995-03-21,8.62
M0008_2537,1995-03-22,8.62
M0008_2537,1994-07-29,10.07
M0008_2537,1994-08-01,10.07
M0008_2537,1994-08-02,10.07
M0008_2537,1994-08-03,10.07
M0008_2537,1994-08-04,10.07
M0008_2537,1994-08-05,10.25
M0008_2537,1994-08-08,10.25
M0008_2537,1994-08-09,10.25
M0008_2537,1994-08-10,10.25
M0008_2537,1994-08-11,10.14
M0008_2537,1994-08-15,10.14
M0008_2537,1994-08-16,10.14
M0008_2537,1994-08-17,10.14
M0008_2537,1994-08-18,10.14
M0008_2537,1994-08-19,10.48
M0008_2537,1994-08-22,10.48
M0008_2537,1994-08-23,10.48
M0008_2537,1994-08-24,10.48
M0008_2537,1994-08-25,10.48
M0008_2537,1994-08-26,10.27
M0008_2537,1994-08-29,10.27
M0008_2537,1994-08-30,10.27
M0008_2537,1994-08-31,10.27
M0008_2537,1994-09-01,10.27
M0008_2537,1994-09-02,10.81
M0008_2537,1994-09-05,10.81
M0008_2537,1994-09-06,10.81
M0008_2537,1994-09-07,10.81
M0008_2537,1994-09-08,10.81
M0008_2537,1994-09-09,10.67
M0008_2537,1994-09-12,10.67
M0008_2537,1994-09-13,10.67
M0008_2537,1994-09-14,10.67
M0008_2537,1994-09-15,10.67
M0008_2537,1994-09-16,10.91
M0008_2537,1994-09-19,10.91
M0008_2537,1994-09-20,10.91
M0008_2537,1994-09-21,10.91
M0008_2537,1994-09-22,10.91
M0008_2537,1994-09-23,10.63
M0008_2537,1994-09-26,10.63
M0008_2537,1994-09-27,10.63
M0008_2537,1994-09-28,10.63
M0008_2537,1994-09-29,10.63
M0008_2537,1994-09-30,10.6
M0008_2537,1994-10-03,10.6
M0008_2537,1994-10-04,10.6
M0008_2537,1994-10-05,10.6
M0008_2537,1994-10-06,10.6
M0008_2537,1994-10-07,10.5
M0008_2537,1994-10-10,10.5
M0008_2537,1994-10-11,10.5
M0008_2537,1994-10-12,10.5
M0008_2537,1994-10-13,10.5
M0008_2537,1994-10-14,10.89
M0008_2537,1994-10-17,10.89
M0008_2537,1994-10-18,10.89
M0008_2537,1994-10-19,10.89
M0008_2537,1994-10-20,10.89
M0008_2537,1994-10-21,11.24
M0008_2537,1994-10-25,11.24
M0008_2537,1994-10-26,11.24
M0008_2537,1994-10-27,11.24
M0008_2537,1994-10-28,11.17
M0008_2537,1994-10-31,11.17
M0008_2537,1994-11-01,11.17
M0008_2537,1994-11-02,11.17
M0008_2537,1994-11-03,11.17
M0008_2537,1994-11-04,11.28
M0008_2537,1994-11-07,11.28
M0008_2537,1994-11-08,11.28
M0008_2537,1994-11-09,11.28
M0008_2537,1994-11-10,11.28
M0008_2537,1994-11-11,10.8
M0008_2537,1994-11-14,10.8
M0008_2537,1994-11-15,10.8
M0008_2537,1994-11-16,10.8
M0008_2537,1994-11-17,10.8
M0008_2537,1994-11-18,10.82
M0008_2537,1994-11-21,10.82
M0008_2537,1994-11-22,10.82
M0008_2537,1994-11-23,10.82
M0008_2537,1994-11-24,10.82
M0008_2537,1994-11-25,10.13
M0008_2537,1994-11-28,10.13
M0008_2537,1994-11-29,10.13
M0008_2537,1994-11-30,10.13
M0008_2537,1994-12-01,10.13
M0008_2537,1994-12-02,10.08
M0008_2537,1994-12-06,10.08
M0008_2537,1994-12-07,10.08
M0008_2537,1994-12-08,10.08
M0008_2537,1994-12-09,9.6
M0008_2537,1994-12-13,9.6
M0008_2537,1994-12-14,9.6
M0008_2537,1994-12-15,9.6
M0008_2537,1994-12-16,9.96
M0008_2537,1994-12-19,9.96
M0008_2537,1994-12-20,9.96
M0008_2537,1994-12-21,9.96
M0008_2537,1994-12-22,9.96
M0008_2537,1994-12-23,10.16
M0008_2537,1994-12-26,10.16
M0008_2537,1994-12-27,10.16
M0008_2537,1994-12-28,10.16
M0008_2537,1994-12-29,10.16
M0008_2537,1994-12-30,10.11
M0008_2537,1995-01-03,10.11
M0008_2537,1995-01-04,10.11
M0008_2537,1995-01-05,10.11
M0008_2537,1995-01-06,10.06
M0008_2537,1995-01-09,10.06
M0008_2537,1995-01-10,10.06
M0008_2537,1995-01-11,10.06
M0008_2537,1995-01-12,10.06
M0008_2537,1995-01-13,9.3
M0008_2537,1995-01-16,9.3
M0008_2537,1995-01-17,9.3
M0008_2537,1995-01-18,9.3
M0008_2537,1995-01-19,9.3
M0008_2537,1995-01-20,9.31
M0008_2537,1995-01-23,9.31
M0008_2537,1995-01-24,9.31
M0008_2537,1995-01-25,9.31
M0008_2537,1995-01-26,9.31
M0008_2537,1995-01-27,9.08
M0008_2537,1995-01-30,9.08
M0008_2537,1995-01-31,9.08
M0008_2537,1995-02-01,9.08
M0008_2537,1995-02-02,9.08
M0008_2537,1995-02-03,9.5
M0008_2537,1995-02-06,9.5
M0008_2537,1995-02-07,9.5
M0008_2537,1995-02-08,9.5
M0008_2537,1995-02-09,9.5
M0008_2537,1995-02-10,9.65
M0008_2537,1995-02-13,9.65
M0008_2537,1995-02-15,9.65
M0008_2537,1995-02-16,9.65
M0008_2537,1995-02-17,9.68
M0008_2537,1995-02-20,9.68
M0008_2537,1995-02-21,9.68
M0008_2537,1995-02-22,9.68
M0008_2537,1995-02-23,9.68
M0008_2537,1995-02-24,9.61
M0008_2537,1995-02-27,9.61
M0008_2537,1995-02-28,9.61
M0008_2537,1995-03-01,9.61
M0008_2537,1995-03-02,9.61
M0008_2537,1995-03-03,9.4
M0008_2537,1995-03-06,9.4
M0008_2537,1995-03-07,9.4
M0008_2537,1995-03-08,9.4
M0008_2537,1995-03-09,8.63
M0008_2537,1995-03-10,8.63
M0008_2537,1995-03-13,8.63
M0008_2537,1995-03-14,8.63
M0008_2537,1995-03-15,8.63
M0008_2537,1995-03-16,8.63
M0008_2537,1995-03-17,8.62
M0008_2537,1995-03-20,8.62
M0008_2537,1995-03-21,8.62
M0008_2537,1995-03-22,8.62
M0008_2537,1995-03-23,8.62
M0008_2537,1995-03-24,8.75
M0008_2537,1995-03-27,8.75
M0008_2537,1995-03-28,8.75
M0008_2537,1995-03-29,8.75
M0008_2537,1995-03-30,8.75
M0008_2537,1995-03-31,8.9
M0008_2537,1995-04-03,8.9
M0008_2537,1995-04-04,8.9
M0008_2537,1995-04-05,8.9
M0008_2537,1995-04-07,8.74
M0008_2537,1995-04-10,8.74
M0008_2537,1995-04-11,8.84
M0008_2537,1995-04-17,8.84
M0008_2537,1995-04-18,8.84
M0008_2537,1995-04-19,8.84
M0008_2537,1995-04-20,8.84
M0008_2537,1995-04-21,8.74
M0008_2537,1995-04-24,8.74
M0008_2537,1995-04-25,8.74
M0008_2537,1995-04-27,8.74
M0008_2537,1995-04-26,8.74
M0008_2537,1995-04-28,9.05
M0008_2537,1995-05-03,9.05
M0008_2537,1995-05-02,9.05
M0008_2537,1995-05-04,9.56
M0008_2537,1995-05-08,9.56
M0008_2537,1995-05-09,9.56
M0008_2537,1995-05-10,9.56
M0008_2537,1995-05-11,9.56
M0008_2537,1995-05-12,10.06
M0008_2537,1995-05-17,10.06
M0008_2537,1995-05-16,10.06
M0008_2537,1995-05-18,10.06
M0008_2537,1995-05-19,9.83
M0008_2537,1995-05-23,9.83
M0008_2537,1995-05-22,9.83
M0008_2537,1995-05-25,9.83
M0008_2537,1995-05-24,9.83
M0008_2537,1995-05-26,10.21
M0008_2537,1995-05-29,10.21
M0008_2537,1995-05-30,10.21
M0008_2537,1995-05-31,10.21
M0008_2537,1995-06-02,10.38
M0008_2537,1995-06-01,10.21
M0008_2537,1995-06-06,10.38
M0008_2537,1995-06-05,10.38
M0008_2537,1995-06-07,10.38
M0008_2537,1995-06-08,10.38
M0008_2537,1995-06-09,10.25
M0008_2537,1995-06-12,10.25
M0008_2537,1995-06-14,10.25
M0008_2537,1995-06-13,10.25
M0008_2537,1995-06-15,10.25
M0008_2537,1995-06-16,10.16
M0008_2537,1995-06-19,10.16
M0008_2537,1995-06-20,10.16
M0008_2537,1995-06-21,10.16
M0008_2537,1995-06-22,10.16
M0008_2537,1995-06-23,10.29
M0008_2537,1995-06-26,10.29
M0008_2537,1995-06-27,10.29
M0008_2537,1995-06-28,10.29
M0008_2537,1995-06-29,10.29
M0008_2537,1995-06-30,10.25
M0008_2537,1995-07-03,10.25
M0008_2537,1995-07-04,10.25
M0008_2537,1995-07-05,10.25
M0008_2537,1995-07-06,10.25
M0008_2537,1995-07-07,10.71
M0008_2537,1995-07-10,10.71
M0008_2537,1995-07-11,10.71
M0008_2537,1995-07-13,10.71
M0008_2537,1995-07-14,10.62
M0008_2537,1995-07-17,10.62
M0008_2537,1995-07-18,10.62
M0008_2537,1995-07-20,10.62
M0008_2537,1995-07-19,10.62
M0008_2537,1995-07-21,9.98
M0008_2537,1995-07-24,9.98
M0008_2537,1995-07-25,9.98
M0008_2537,1995-07-26,9.98
M0008_2537,1995-07-27,9.98
M0008_2537,1995-07-28,10.1
M0008_2537,1995-07-31,10.1
M0008_2537,1995-08-01,10.1
M0008_2537,1995-08-02,10.1
M0008_2537,1995-08-04,9.86
M0008_2537,1995-08-03,10.1
M0008_2537,1995-08-08,9.86
M0008_2537,1995-08-07,9.86
M0008_2537,1995-08-09,9.86
M0008_2537,1995-08-10,9.86
M0008_2537,1995-08-11,9.71
M0008_2537,1995-08-15,9.71
M0008_2537,1995-08-16,9.71
M0008_2537,1995-08-17,9.71
M0008_2537,1995-08-18,9.69
M0008_2537,1995-08-21,9.69
M0008_2537,1995-08-22,9.69
M0008_2537,1995-08-23,9.69
M0008_2537,1995-08-24,9.69
M0008_2537,1995-08-25,9.93
M0008_2537,1995-08-28,9.93
M0008_2537,1995-08-29,9.93
M0008_2537,1995-08-30,9.93
M0008_2537,1995-08-31,9.93
M0008_2537,1995-09-01,9.76
M0008_2537,1995-09-04,9.76
M0008_2537,1995-09-05,9.22
M0008_2537,1995-09-06,9.22
M0008_2537,1995-09-07,9.22
M0008_2537,1995-09-08,9.22
M0008_2537,1995-09-11,9.22
M0008_2537,1995-09-12,9.22
M0008_2537,1995-09-13,9.22
M0008_2537,1995-09-15,9.65
M0008_2537,1995-09-14,9.22
M0008_2537,1995-09-19,9.65
M0008_2537,1995-09-18,9.65
M0008_2537,1995-09-20,9.65
M0008_2537,1995-09-21,9.65
M0008_2537,1995-09-22,9.44
M0008_2537,1995-09-25,9.44
M0008_2537,1995-09-26,9.44
M0008_2537,1995-09-27,9.44
M0008_2537,1995-09-28,9.44
M0008_2537,1995-09-29,9.42
M0008_2537,1995-10-02,9.42
M0008_2537,1995-10-03,9.42
M0008_2537,1995-10-05,9.42
M0008_2537,1995-10-04,9.42
M0008_2537,1995-10-06,9.71
M0008_2537,1995-10-09,9.71
M0008_2537,1995-10-11,9.71
M0008_2537,1995-10-10,9.71
M0008_2537,1995-10-12,9.71
M0008_2537,1995-10-13,9.65
M0008_2537,1995-10-16,9.65
M0008_2537,1995-10-17,9.65
M0008_2537,1995-10-18,9.65
M0008_2537,1995-10-19,9.65
M0008_2537,1995-10-20,9.48
M0008_2537,1995-10-25,9.48
M0008_2537,1995-10-24,9.48
M0008_2537,1995-10-26,9.48
M0008_2537,1995-10-27,9.43
M0008_2537,1995-10-31,9.43
M0008_2537,1995-10-30,9.43
M0008_2537,1995-11-01,9.43
M0008_2537,1995-11-02,9.43
M0008_2537,1995-11-03,9.19
M0008_2537,1995-11-06,9.19
M0008_2537,1995-11-07,9.19
M0008_2537,1995-11-08,9.19
M0008_2537,1995-11-09,9.19
M0008_2537,1995-11-10,8.85
M0008_2537,1995-11-13,8.85
M0008_2537,1995-11-14,8.85
M0008_2537,1995-11-15,8.85
M0008_2537,1995-11-16,8.85
M0008_2537,1995-11-17,8.92
M0008_2537,1995-11-20,8.92
M0008_2537,1995-11-21,8.92
M0008_2537,1995-11-22,8.92
M0008_2537,1995-11-23,8.92
M0008_2537,1995-11-24,9.11
M0008_2537,1995-11-27,9.11
M0008_2537,1995-11-28,9.11
M0008_2537,1995-11-29,9.11
M0008_2537,1995-11-30,9.11
M0008_2537,1995-12-01,9.15
M0008_2537,1995-12-04,9.15
M0008_2537,1995-12-06,9.15
M0008_2537,1995-12-07,9.15
M0008_2537,1995-12-08,9.43
M0008_2537,1995-12-12,9.43
M0008_2537,1995-12-13,9.43
M0008_2537,1995-12-14,9.43
M0008_2537,1995-12-15,9.47
M0008_2537,1995-12-18,9.47
M0008_2537,1995-12-19,9.47
M0008_2537,1995-12-20,9.47
M0008_2537,1995-12-21,9.47
M0008_2537,1995-12-22,9.59
M0008_2537,1995-12-25,9.59
M0008_2537,1995-12-26,9.59
M0008_2537,1995-12-27,9.59
M0008_2537,1995-12-28,9.59
M0008_2537,1995-12-29,9.51
M0008_2537,1996-01-03,9.51
M0008_2537,1996-01-04,9.51
M0008_2537,1996-01-05,10.18
M0008_2537,1996-01-08,10.18
M0008_2537,1996-01-09,10.18
M0008_2537,1996-01-10,10.18
M0008_2537,1996-01-11,10.18
M0008_2537,1996-01-12,10.27
M0008_2537,1996-01-15,10.27
M0008_2537,1996-01-16,10.27
M0008_2537,1996-01-17,10.27
M0008_2537,1996-01-18,10.27
M0008_2537,1996-01-19,10.28
M0008_2537,1996-01-22,10.28
M0008_2537,1996-01-23,10.28
M0008_2537,1996-01-24,10.28
M0008_2537,1996-01-25,10.28
M0008_2537,1996-01-26,10.27
M0008_2537,1996-01-29,10.27
M0008_2537,1996-01-30,10.27
M0008_2537,1996-01-31,10.27
M0008_2537,1996-02-01,10.27
M0008_2537,1996-02-02,10.54
M0008_2537,1996-02-05,10.54
M0008_2537,1996-02-06,10.54
M0008_2537,1996-02-07,10.54
M0008_2537,1996-02-08,10.54
M0008_2537,1996-02-09,10.37
M0008_2537,1996-02-12,10.37
M0008_2537,1996-02-13,10.37
M0008_2537,1996-02-14,10.37
M0008_2537,1996-02-15,10.37
M0008_2537,1996-02-16,10.41
M0008_2537,1996-02-19,10.41
M0008_2537,1996-02-20,10.41
M0008_2537,1996-02-22,10.41
M0008_2537,1996-02-21,10.41
M0008_2537,1996-02-23,10.06
M0008_2537,1996-02-26,10.06
M0008_2537,1996-02-27,10.06
M0008_2537,1996-02-28,10.06
M0008_2537,1996-03-01,9.9
M0008_2537,1996-03-04,9.9
M0008_2537,1996-03-05,9.9
M0008_2537,1996-03-06,9.9
M0008_2537,1996-03-07,9.9
M0008_2537,1996-03-08,9.9
M0008_2537,1996-03-11,9.9
M0008_2537,1996-03-12,9.9
M0008_2537,1996-03-13,9.9
M0008_2537,1996-03-14,9.9
M0008_2537,1996-03-15,9.64
M0008_2537,1996-03-18,9.64
M0008_2537,1996-03-19,9.64
M0008_2537,1996-03-20,9.64
M0008_2537,1996-03-21,9.64
M0008_2537,1996-03-22,10.0
M0008_2537,1996-03-25,10.0
M0008_2537,1996-03-26,10.0
M0008_2537,1996-03-27,10.0
M0008_2537,1996-03-28,10.0
M0008_2537,1996-03-29,9.85
M0008_2537,1996-04-01,9.85
M0008_2537,1996-04-02,9.85
M0008_2537,1996-04-03,9.85
M0008_2537,1996-04-04,9.85
M0008_2537,1996-04-05,10.24
M0008_2537,1996-04-09,10.24
M0008_2537,1996-04-10,10.24
M0008_2537,1996-04-11,10.21
M0008_2537,1996-04-16,10.21
M0008_2537,1996-04-17,10.21
M0008_2537,1996-04-18,10.21
M0008_2537,1996-04-19,10.09
M0008_2537,1996-04-22,10.09
M0008_2537,1996-04-23,10.09
M0008_2537,1996-04-24,10.09
M0008_2537,1996-04-25,10.09
M0008_2537,1996-04-26,9.98
M0008_2537,1996-04-29,9.98
M0008_2537,1996-04-30,9.98
M0008_2537,1996-05-02,9.98
M0008_2537,1996-05-03,10.19
M0008_2537,1996-05-07,10.19
M0008_2537,1996-05-08,10.19
M0008_2537,1996-05-09,10.19
M0008_2537,1996-05-10,10.26
M0008_2537,1996-05-13,10.26
M0008_2537,1996-05-14,10.26
M0008_2537,1996-05-15,10.26
M0008_2537,1996-05-16,10.26
M0008_2537,1996-05-17,10.21
M0008_2537,1996-05-20,10.21
M0008_2537,1996-05-21,10.21
M0008_2537,1996-05-22,10.21
M0008_2537,1996-05-23,10.21
M0008_2537,1996-05-24,10.18
M0008_2537,1996-05-27,10.18
M0008_2537,1996-05-28,10.18
M0008_2537,1996-05-29,10.18
M0008_2537,1996-05-30,10.31
M0008_2537,1996-06-03,10.31
M0008_2537,1996-06-04,10.31
M0008_2537,1996-06-06,10.31
M0008_2537,1996-06-05,10.31
M0008_2537,1996-06-07,10.19
M0008_2537,1996-06-12,10.19
M0008_2537,1996-06-11,10.19
M0008_2537,1996-06-13,10.19
M0008_2537,1996-06-14,9.94
M0008_2537,1996-06-17,9.94
M0008_2537,1996-06-18,9.94
M0008_2537,1996-06-19,9.94
M0008_2537,1996-06-20,9.94
M0008_2537,1996-06-21,9.76
M0008_2537,1996-06-24,9.76
M0008_2537,1996-06-25,9.76
M0008_2537,1996-06-26,9.76
M0008_2537,1996-06-27,9.76
M0008_2537,1996-06-28,9.86
M0008_2537,1996-07-02,9.86
M0008_2537,1996-07-03,9.86
M0008_2537,1996-07-04,9.86
M0008_2537,1996-07-05,9.98
M0008_2537,1996-07-08,9.98
M0008_2537,1996-07-09,9.98
M0008_2537,1996-07-10,9.98
M0008_2537,1996-07-12,9.55
M0008_2537,1996-07-11,9.98
M0008_2537,1996-07-15,9.55
M0008_2537,1996-07-16,9.55
M0008_2537,1996-07-17,9.55
M0008_2537,1996-07-18,9.55
M0008_2537,1996-07-19,9.42
M0008_2537,1996-07-22,9.42
M0008_2537,1996-07-23,9.42
M0008_2537,1996-07-24,9.42
M0008_2537,1996-07-25,9.42
M0008_2537,1996-07-26,8.86
M0008_2537,1996-07-29,8.86
M0008_2537,1996-07-31,8.86
M0008_2537,1996-08-01,8.86
M0008_2537,1996-08-02,8.91
M0008_2537,1996-08-05,8.91
M0008_2537,1996-08-06,8.91
M0008_2537,1996-08-07,8.91
M0008_2537,1996-08-08,8.91
M0008_2537,1996-08-09,9.01
M0008_2537,1996-08-13,9.01
M0008_2537,1996-08-14,9.01
M0008_2537,1996-08-15,9.01
M0008_2537,1996-08-16,8.67
M0008_2537,1996-08-19,8.67
M0008_2537,1996-08-20,8.67
M0008_2537,1996-08-21,8.67
M0008_2537,1996-08-22,8.67
M0008_2537,1996-08-23,8.85
M0008_2537,1996-08-26,8.85
M0008_2537,1996-08-27,8.85
M0008_2537,1996-08-28,8.85
M0008_2537,1996-08-29,8.85
M0008_2537,1996-08-30,8.8
M0008_2537,1996-09-02,8.8
M0008_2537,1996-09-03,8.8
M0008_2537,1996-09-04,8.8
M0008_2537,1996-09-05,8.8
M0008_2537,1996-09-06,8.25
M0008_2537,1996-09-09,8.25
M0008_2537,1996-09-10,8.25
M0008_2537,1996-09-11,8.25
M0008_2537,1996-09-13,8.37
M0008_2537,1996-09-12,8.25
M0008_2537,1996-09-16,8.37
M0008_2537,1996-09-17,8.37
M0008_2537,1996-09-18,8.37
M0008_2537,1996-09-19,8.37
M0008_2537,1996-09-20,8.42
M0008_2537,1996-09-23,8.42
M0008_2537,1996-09-24,8.42
M0008_2537,1996-09-25,8.42
M0008_2537,1996-09-26,8.42
M0008_2537,1996-09-27,8.45
M0008_2537,1996-09-30,8.45
M0008_2537,1996-10-01,8.45
M0008_2537,1996-10-02,8.45
M0008_2537,1996-10-03,8.45
M0008_2537,1996-10-04,8.12
M0008_2537,1996-10-07,8.12
M0008_2537,1996-10-08,8.12
M0008_2537,1996-10-09,8.12
M0008_2537,1996-10-10,8.12
M0008_2537,1996-10-11,7.66
M0008_2537,1996-10-14,7.66
M0008_2537,1996-10-15,7.66
M0008_2537,1996-10-16,7.66
M0008_2537,1996-10-17,7.66
M0008_2537,1996-10-18,7.79
M0008_2537,1996-10-21,7.79
M0008_2537,1996-10-22,7.79
M0008_2537,1996-10-24,7.79
M0008_2537,1996-10-25,7.7
M0008_2537,1996-10-29,7.7
M0008_2537,1996-10-28,7.7
M0008_2537,1996-10-30,7.7
M0008_2537,1996-10-31,7.7
M0008_2537,1996-11-01,7.57
M0008_2537,1996-11-04,7.57
M0008_2537,1996-11-05,7.57
M0008_2537,1996-11-06,7.57
M0008_2537,1996-11-07,7.57
M0008_2537,1996-11-08,7.95
M0008_2537,1996-11-12,7.95
M0008_2537,1996-11-11,7.95
M0008_2537,1996-11-13,7.95
M0008_2537,1996-11-14,7.95
M0008_2537,1996-11-15,8.24
M0008_2537,1996-11-18,8.24
M0008_2537,1996-11-19,8.24
M0008_2537,1996-11-20,8.24
M0008_2537,1996-11-21,8.24
M0008_2537,1996-11-22,8.02
M0008_2537,1996-11-25,8.02
M0008_2537,1996-11-26,8.02
M0008_2537,1996-11-27,8.02
M0008_2537,1996-11-28,8.02
M0008_2537,1996-11-29,7.66
M0008_2537,1996-12-02,7.66
M0008_2537,1996-12-03,7.66
M0008_2537,1996-12-04,7.66
M0008_2537,1996-12-06,7.31
M0008_2537,1996-12-09,7.31
M0008_2537,1996-12-11,7.31
M0008_2537,1996-12-12,7.31
M0008_2537,1996-12-13,7.25
M0008_2537,1996-12-16,7.25
M0008_2537,1996-12-17,7.25
M0008_2537,1996-12-18,7.25
M0008_2537,1996-12-19,7.25
M0008_2537,1996-12-20,6.87
M0008_2537,1996-12-23,6.87
M0008_2537,1996-12-24,6.87
M0008_2537,1996-12-25,6.87
M0008_2537,1996-12-26,6.87
M0008_2537,1996-12-27,6.99
M0008_2537,1996-12-30,6.99
M0008_2537,1997-01-02,6.99
M0008_2537,1997-01-03,6.68
M0008_2537,1997-01-06,6.68
M0008_2537,1997-01-07,6.68
M0008_2537,1997-01-08,6.68
M0008_2537,1997-01-09,6.68
M0008_2537,1997-01-10,7.11
M0008_2537,1997-01-13,7.11
M0008_2537,1997-01-14,7.11
M0008_2537,1997-01-15,7.11
M0008_2537,1997-01-16,7.11
M0008_2537,1997-01-17,7.04
M0008_2537,1997-01-20,7.04
M0008_2537,1997-01-21,7.04
M0008_2537,1997-01-22,7.04
M0008_2537,1997-01-23,7.04
M0008_2537,1997-01-24,7.2
M0008_2537,1997-01-27,7.2
M0008_2537,1997-01-28,7.2
M0008_2537,1997-01-29,7.2
M0008_2537,1997-01-30,7.2
M0008_2537,1997-01-31,6.69
M0008_2537,1997-02-03,6.69
M0008_2537,1997-02-04,6.69
M0008_2537,1997-02-05,6.69
M0008_2537,1997-02-06,6.69
M0008_2537,1997-02-07,6.38
M0008_2537,1997-02-10,6.38
M0008_2537,1997-02-11,6.38
M0008_2537,1997-02-12,6.38
M0008_2537,1997-02-13,6.38
M0008_2537,1997-02-14,6.11
M0008_2537,1997-02-17,6.11
M0008_2537,1997-02-18,6.11
M0008_2537,1997-02-19,6.11
M0008_2537,1997-02-20,6.36
M0008_2537,1997-02-24,6.36
M0008_2537,1997-02-25,6.36
M0008_2537,1997-02-26,6.36
M0008_2537,1997-02-27,6.36
M0008_2537,1997-02-28,6.16
M0008_2537,1997-03-03,6.16
M0008_2537,1997-03-04,6.16
M0008_2537,1997-03-05,6.16
M0008_2537,1997-03-06,6.16
M0008_2537,1997-03-07,6.02
M0008_2537,1997-03-10,6.02
M0008_2537,1997-03-11,6.02
M0008_2537,1997-03-12,6.02
M0008_2537,1997-03-14,6.0
M0008_2537,1997-03-13,6.02
M0008_2537,1997-03-17,6.0
M0008_2537,1997-03-18,6.0
M0008_2537,1997-03-19,6.0
M0008_2537,1997-03-20,6.0
M0008_2537,1997-03-21,6.06
M0008_2537,1997-03-24,6.06
M0008_2537,1997-03-25,6.06
M0008_2537,1997-03-26,6.06
M0008_2537,1997-03-27,6.06
M0008_2537,1997-03-28,6.1
M0008_2537,1997-03-31,6.1
M0008_2537,1997-04-01,6.1
M0008_2537,1997-04-02,6.1
M0008_2537,1997-04-03,6.1
M0008_2537,1997-04-04,6.18
M0008_2537,1997-04-08,6.18
M0008_2537,1997-04-09,6.18
M0008_2537,1997-04-10,6.18
M0008_2537,1997-04-11,6.18
M0008_2537,1997-04-16,6.18
M0008_2537,1997-04-17,6.18
M0008_2537,1997-04-18,6.16
M0008_2537,1997-04-21,6.16
M0008_2537,1997-04-22,6.16
M0008_2537,1997-04-23,6.16
M0008_2537,1997-04-24,6.16
M0008_2537,1997-04-25,6.04
M0008_2537,1997-04-28,6.04
M0008_2537,1997-04-29,6.04
M0008_2537,1997-04-30,6.04
M0008_2537,1997-05-02,5.82
M0008_2537,1997-05-06,5.82
M0008_2537,1997-05-07,5.82
M0008_2537,1997-05-08,5.82
M0008_2537,1997-05-09,5.52
M0008_2537,1997-05-12,5.52
M0008_2537,1997-05-13,5.52
M0008_2537,1997-05-14,5.52
M0008_2537,1997-05-15,5.52
M0008_2537,1997-05-16,5.24
M0008_2537,1997-05-19,5.24
M0008_2537,1997-05-21,5.24
M0008_2537,1997-05-22,5.24
M0008_2537,1997-05-23,5.37
M0008_2537,1997-05-26,5.37
M0008_2537,1997-05-27,5.37
M0008_2537,1997-05-28,5.37
M0008_2537,1997-05-29,5.37
M0008_2537,1997-05-30,5.3
M0008_2537,1997-06-02,5.3
M0008_2537,1997-06-03,5.3
M0008_2537,1997-06-04,5.3
M0008_2537,1997-06-05,5.3
M0008_2537,1997-06-06,5.09
M0008_2537,1997-06-09,5.09
M0008_2537,1997-06-10,5.09
M0008_2537,1997-06-11,5.09
M0008_2537,1997-06-12,5.09
M0008_2537,1997-06-13,4.95
M0008_2537,1997-06-16,4.95
M0008_2537,1997-06-17,4.95
M0008_2537,1997-06-18,4.95
M0008_2537,1997-06-19,4.95
M0008_2537,1997-06-20,4.68
M0008_2537,1997-06-23,4.68
M0008_2537,1997-06-24,4.68
M0008_2537,1997-06-25,4.68
M0008_2537,1997-06-26,4.68
M0008_2537,1997-06-27,5.08
M0008_2537,1997-06-30,5.08
M0008_2537,1997-07-02,5.08
M0008_2537,1997-07-03,5.08
M0008_2537,1997-07-04,6.12
M0008_2537,1997-07-07,6.12
M0008_2537,1997-07-08,6.12
M0008_2537,1997-07-09,6.12
M0008_2537,1997-07-10,6.12
M0008_2537,1997-07-11,5.78
M0008_2537,1997-07-14,5.78
M0008_2537,1997-07-15,5.78
M0008_2537,1997-07-16,5.78
M0008_2537,1997-07-17,5.78
M0008_2537,1997-07-18,5.93
M0008_2537,1997-07-22,5.93
M0008_2537,1997-07-23,5.93
M0008_2537,1997-07-24,5.93
M0008_2537,1997-07-25,5.85
M0008_2537,1997-07-28,5.85
M0008_2537,1997-07-29,5.85
M0008_2537,1997-07-30,5.85
M0008_2537,1997-07-31,5.85
M0008_2537,1997-08-01,5.82
M0008_2537,1997-08-04,5.82
M0008_2537,1997-08-05,5.82
M0008_2537,1997-08-06,5.82
M0008_2537,1997-08-07,5.82
M0008_2537,1997-08-08,5.76
M0008_2537,1997-08-11,5.76
M0008_2537,1997-08-13,5.76
M0008_2537,1997-08-14,5.76
M0008_2537,1997-08-15,5.68
M0008_2537,1997-08-18,5.68
M0008_2537,1997-08-19,5.68
M0008_2537,1997-08-20,5.68
M0008_2537,1997-08-21,5.68
M0008_2537,1997-08-22,5.15
M0008_2537,1997-08-25,5.15
M0008_2537,1997-08-26,5.15
M0008_2537,1997-08-27,5.15
M0008_2537,1997-08-28,5.15
M0008_2537,1997-08-29,4.72
M0008_2537,1997-09-01,4.72
M0008_2537,1997-09-02,4.72
M0008_2537,1997-09-03,4.72
M0008_2537,1997-09-04,4.72
M0008_2537,1997-09-05,5.09
M0008_2537,1997-09-08,5.09
M0008_2537,1997-09-09,5.09
M0008_2537,1997-09-10,5.09
M0008_2537,1997-09-11,5.09
M0008_2537,1997-09-12,5.1
M0008_2537,1997-09-15,5.1
M0008_2537,1997-09-16,5.1
M0008_2537,1997-09-17,5.1
M0008_2537,1997-09-18,5.1
M0008_2537,1997-09-19,4.97
M0008_2537,1997-09-22,4.97
M0008_2537,1997-09-23,4.97
M0008_2537,1997-09-24,4.97
M0008_2537,1997-09-25,4.97
M0008_2537,1997-09-26,5.3
M0008_2537,1997-09-29,5.3
M0008_2537,1997-09-30,5.3
M0008_2537,1997-10-01,5.3
M0008_2537,1997-10-02,5.3
M0008_2537,1997-10-03,5.29
M0008_2537,1997-10-06,5.29
M0008_2537,1997-10-07,5.29
M0008_2537,1997-10-08,5.29
M0008_2537,1997-10-09,5.29
M0008_2537,1997-10-10,5.26
M0008_2537,1997-10-13,5.26
M0008_2537,1997-10-14,5.26
M0008_2537,1997-10-15,5.26
M0008_2537,1997-10-16,5.26
M0008_2537,1997-10-17,5.17
M0008_2537,1997-10-20,5.17
M0008_2537,1997-10-21,5.17
M0008_2537,1997-10-22,5.17
M0008_2537,1997-10-24,4.94
M0008_2537,1997-10-27,4.94
M0008_2537,1997-10-28,4.94
M0008_2537,1997-10-29,4.94
M0008_2537,1997-10-30,4.94
M0008_2537,1997-10-31,4.66
M0008_2537,1997-11-03,4.66
M0008_2537,1997-11-05,4.66
M0008_2537,1997-11-04,4.66
M0008_2537,1997-11-06,4.66
M0008_2537,1997-11-07,5.07
M0008_2537,1997-11-10,5.07
M0008_2537,1997-11-11,5.07
M0008_2537,1997-11-12,5.07
M0008_2537,1997-11-13,5.07
M0008_2537,1997-11-14,4.7
M0008_2537,1997-11-17,4.7
M0008_2537,1997-11-18,4.7
M0008_2537,1997-11-19,4.7
M0008_2537,1997-11-20,4.7
M0008_2537,1997-11-21,4.57
M0008_2537,1997-11-24,4.57
M0008_2537,1997-11-25,4.57
M0008_2537,1997-11-27,4.57
M0008_2537,1997-11-26,4.57
M0008_2537,1997-11-28,4.37
M0008_2537,1997-12-01,4.37
M0008_2537,1997-12-02,4.37
M0008_2537,1997-12-03,4.37
M0008_2537,1997-12-04,4.37
M0008_2537,1997-12-08,4.37
M0008_2537,1997-12-09,4.37
M0008_2537,1997-12-11,4.37
M0008_2537,1997-12-12,4.22
M0008_2537,1997-12-16,4.22
M0008_2537,1997-12-15,4.22
M0008_2537,1997-12-18,4.22
M0008_2537,1997-12-17,4.22
M0008_2537,1997-12-19,4.46
M0008_2537,1997-12-22,4.46
M0008_2537,1997-12-23,4.46
M0008_2537,1997-12-24,4.46
M0008_2537,1997-12-25,4.46
M0008_2537,1997-12-26,4.21
M0008_2537,1997-12-29,4.21
M0008_2537,1997-12-30,4.21
M0008_2537,1997-12-31,4.32
M0008_2537,1998-01-05,4.32
M0008_2537,1998-01-06,4.32
M0008_2537,1998-01-07,4.32
M0008_2537,1998-01-08,4.32
M0008_2537,1998-01-09,4.08
M0008_2537,1998-01-13,4.08
M0008_2537,1998-01-12,4.08
M0008_2537,1998-01-14,4.08
M0008_2537,1998-01-15,4.08
M0008_2537,1998-01-16,4.37
M0008_2537,1998-01-19,4.37
M0008_2537,1998-01-20,4.37
M0008_2537,1998-01-21,4.37
M0008_2537,1998-01-22,4.37
M0008_2537,1998-01-23,4.82
M0008_2537,1998-01-26,4.82
M0008_2537,1998-01-27,4.82
M0008_2537,1998-01-28,4.82
M0008_2537,1998-01-29,4.82
M0008_2537,1998-01-30,5.37
M0008_2537,1998-02-02,5.37
M0008_2537,1998-02-03,5.37
M0008_2537,1998-02-04,5.37
M0008_2537,1998-02-05,5.37
M0008_2537,1998-02-06,5.43
M0008_2537,1998-02-09,5.43
M0008_2537,1998-02-10,5.43
M0008_2537,1998-02-12,5.43
M0008_2537,1998-02-13,5.17
M0008_2537,1998-02-16,5.17
M0008_2537,1998-02-17,5.17
M0008_2537,1998-02-18,5.17
M0008_2537,1998-02-19,5.17
M0008_2537,1998-02-20,5.29
M0008_2537,1998-02-23,5.29
M0008_2537,1998-02-24,5.29
M0008_2537,1998-02-25,5.29
M0008_2537,1998-02-26,5.29
M0008_2537,1998-02-27,5.22
M0008_2537,1998-03-02,5.22
M0008_2537,1998-03-03,5.22
M0008_2537,1998-03-04,5.22
M0008_2537,1998-03-06,5.15
M0008_2537,1998-03-05,5.22
M0008_2537,1998-03-10,5.15
M0008_2537,1998-03-09,5.15
M0008_2537,1998-03-12,5.15
M0008_2537,1998-03-11,5.15
M0008_2537,1998-03-13,5.21
M0008_2537,1998-03-16,5.21
M0008_2537,1998-03-18,5.21
M0008_2537,1998-03-17,5.21
M0008_2537,1998-03-19,5.21
M0008_2537,1998-03-20,4.93
M0008_2537,1998-03-23,4.93
M0008_2537,1998-03-24,4.93
M0008_2537,1998-03-26,4.93
M0008_2537,1998-03-25,4.93
M0008_2537,1998-03-27,4.7
M0008_2537,1998-03-30,4.7
M0008_2537,1998-04-01,4.7
M0008_2537,1998-03-31,4.7
M0008_2537,1998-04-03,4.51
M0008_2537,1998-04-02,4.7
M0008_2537,1998-04-07,4.51
M0008_2537,1998-04-08,4.51
M0008_2537,1998-04-09,4.51
M0008_2537,1998-04-10,4.64
M0008_2537,1998-04-16,4.64
M0008_2537,1998-04-17,4.57
M0008_2537,1998-04-21,4.57
M0008_2537,1998-04-20,4.57
M0008_2537,1998-04-22,4.57
M0008_2537,1998-04-23,4.57
M0008_2537,1998-04-24,4.5
M0008_2537,1998-04-27,4.5
M0008_2537,1998-04-29,4.5
M0008_2537,1998-04-28,4.5
M0008_2537,1998-04-30,4.42
M0008_2537,1998-05-04,4.42
M0008_2537,1998-05-07,4.42
M0008_2537,1998-05-06,4.42
M0008_2537,1998-05-08,4.22
M0008_2537,1998-05-12,4.22
M0008_2537,1998-05-13,4.22
M0008_2537,1998-05-14,4.22
M0008_2537,1998-05-15,4.18
M0008_2537,1998-05-18,4.18
M0008_2537,1998-05-19,4.18
M0008_2537,1998-05-20,4.18
M0008_2537,1998-05-21,4.18
M0008_2537,1998-05-22,4.08
M0008_2537,1998-05-25,4.08
M0008_2537,1998-05-26,4.08
M0008_2537,1998-05-27,4.08
M0008_2537,1998-05-28,4.08
M0008_2537,1998-05-29,3.82
M0008_2537,1998-06-01,3.82
M0008_2537,1998-06-02,3.82
M0008_2537,1998-06-03,3.82
M0008_2537,1998-06-04,3.82
M0008_2537,1998-06-05,3.76
M0008_2537,1998-06-08,3.76
M0008_2537,1998-06-09,3.76
M0008_2537,1998-06-10,3.76
M0008_2537,1998-06-11,3.76
M0008_2537,1998-06-12,3.48
M0008_2537,1998-06-15,3.48
M0008_2537,1998-06-16,3.48
M0008_2537,1998-06-17,3.48
M0008_2537,1998-06-18,3.48
M0008_2537,1998-06-19,3.49
M0008_2537,1998-06-22,3.49
M0008_2537,1998-06-23,3.49
M0008_2537,1998-06-24,3.49
M0008_2537,1998-06-25,3.49
M0008_2537,1998-06-26,3.38
M0008_2537,1998-06-29,3.38
M0008_2537,1998-06-30,3.38
M0008_2537,1998-07-02,3.38
M0008_2537,1998-07-03,3.55
M0008_2537,1998-07-06,3.55
M0008_2537,1998-07-08,3.55
M0008_2537,1998-07-07,3.55
M0008_2537,1998-07-10,3.59
M0008_2537,1998-07-13,3.59
M0008_2537,1998-07-14,3.59
M0008_2537,1998-07-15,3.59
M0008_2537,1998-07-16,3.59
M0008_2537,1998-07-17,3.79
M0008_2537,1998-07-20,3.79
M0008_2537,1998-07-22,3.79
M0008_2537,1998-07-21,3.79
M0008_2537,1998-07-23,3.79
M0008_2537,1998-07-24,3.57
M0008_2537,1998-07-28,3.57
M0008_2537,1998-07-27,3.57
M0008_2537,1998-07-29,3.57
M0008_2537,1998-07-30,3.57
M0008_2537,1998-07-31,3.51
M0008_2537,1998-08-03,3.51
M0008_2537,1998-08-04,3.51
M0008_2537,1998-08-05,3.51
M0008_2537,1998-08-07,3.41
M0008_2537,1998-08-06,3.51
M0008_2537,1998-08-10,3.41
M0008_2537,1998-08-11,3.41
M0008_2537,1998-08-13,3.41
M0008_2537,1998-08-14,3.37
M0008_2537,1998-08-17,3.37
M0008_2537,1998-08-18,3.37
M0008_2537,1998-08-19,3.37
M0008_2537,1998-08-20,3.37
M0008_2537,1998-08-21,3.33
M0008_2537,1998-08-24,3.33
M0008_2537,1998-08-25,3.33
M0008_2537,1998-08-26,3.33
M0008_2537,1998-08-27,3.33
M0008_2537,1998-08-28,3.16
M0008_2537,1998-08-31,3.16
M0008_2537,1998-09-01,3.16
M0008_2537,1998-09-02,3.16
M0008_2537,1998-09-03,3.16
M0008_2537,1998-09-04,3.07
M0008_2537,1998-09-07,3.07
M0008_2537,1998-09-08,3.07
M0008_2537,1998-09-09,3.07
M0008_2537,1998-09-10,3.07
M0008_2537,1998-09-11,3.16
M0008_2537,1998-09-14,3.16
M0008_2537,1998-09-15,3.16
M0008_2537,1998-09-16,3.16
M0008_2537,1998-09-17,3.16
M0008_2537,1998-09-18,3.27
M0008_2537,1998-09-21,3.27
M0008_2537,1998-09-22,3.27
M0008_2537,1998-09-23,3.27
M0008_2537,1998-09-24,3.27
M0008_2537,1998-09-25,3.63
M0008_2537,1998-09-28,3.63
M0008_2537,1998-09-29,3.63
M0008_2537,1998-09-30,3.63
M0008_2537,1998-10-01,3.63
M0008_2537,1998-10-02,3.7
M0008_2537,1998-10-05,3.7
M0008_2537,1998-10-06,3.7
M0008_2537,1998-10-07,3.7
M0008_2537,1998-10-08,3.7
M0008_2537,1998-10-09,3.94
M0008_2537,1998-10-12,3.94
M0008_2537,1998-10-13,3.94
M0008_2537,1998-10-14,3.94
M0008_2537,1998-10-15,3.94
M0008_2537,1998-10-16,4.01
M0008_2537,1998-10-19,4.01
M0008_2537,1998-10-20,4.01
M0008_2537,1998-10-21,4.01
M0008_2537,1998-10-22,3.81
M0008_2537,1998-10-26,3.81
M0008_2537,1998-10-27,3.81
M0008_2537,1998-10-28,3.81
M0008_2537,1998-10-29,3.81
M0008_2537,1998-10-30,3.85
M0008_2537,1998-11-02,3.85
M0008_2537,1998-11-03,3.85
M0008_2537,1998-11-04,3.85
M0008_2537,1998-11-05,3.85
M0008_2537,1998-11-06,4.14
M0008_2537,1998-11-09,4.14
M0008_2537,1998-11-10,4.14
M0008_2537,1998-11-11,4.14
M0008_2537,1998-11-12,4.14
M0008_2537,1998-11-13,3.7033
M0008_2537,1998-11-16,3.7033
M0008_2537,1998-11-17,3.7033
M0008_2537,1998-11-18,3.7033
M0008_2537,1998-11-19,3.7033
M0008_2537,1998-11-20,4.02
M0008_2537,1998-11-23,4.02
M0008_2537,1998-11-24,4.02
M0008_2537,1998-11-25,4.02
M0008_2537,1998-11-26,4.02
M0008_2537,1998-11-27,3.9
M0008_2537,1998-11-30,3.9
M0008_2537,1998-12-01,3.9
M0008_2537,1998-12-02,3.9
M0008_2537,1998-12-03,3.9
M0008_2537,1998-12-04,3.6
M0008_2537,1998-12-08,3.6
M0008_2537,1998-12-09,3.6
M0008_2537,1998-12-11,3.825
M0008_2537,1998-12-14,3.825
M0008_2537,1998-12-15,3.825
M0008_2537,1998-12-16,3.825
M0008_2537,1998-12-17,3.825
M0008_2537,1998-12-18,3.7128
M0008_2537,1998-12-21,3.7128
M0008_2537,1998-12-22,3.7128
M0008_2537,1998-12-23,3.7128
M0008_2537,1998-12-24,3.7128
M0008_2537,1998-12-25,3.83
M0008_2537,1998-12-28,3.83
M0008_2537,1998-12-29,3.83
M0008_2537,1998-12-30,3.7653
M0008_2537,1999-01-04,3.7653
M0008_2537,1999-01-05,3.7653
M0008_2537,1999-01-06,3.7653
M0008_2537,1999-01-07,3.7653
M0008_2537,1999-01-08,4.119
M0008_2537,1999-01-11,4.119
M0008_2537,1999-01-12,4.119
M0008_2537,1999-01-13,4.119
M0008_2537,1999-01-14,4.119
M0008_2537,1999-01-15,3.9535
M0008_2537,1999-01-18,3.9535
M0008_2537,1999-01-19,3.9535
M0008_2537,1999-01-20,3.9535
M0008_2537,1999-01-21,3.9535
M0008_2537,1999-01-22,3.9082
M0008_2537,1999-01-25,3.9082
M0008_2537,1999-01-26,3.9082
M0008_2537,1999-01-27,3.9082
M0008_2537,1999-01-28,3.9082
M0008_2537,1999-01-29,3.8258
M0008_2537,1999-02-01,3.8258
M0008_2537,1999-02-02,3.8258
M0008_2537,1999-02-03,3.8258
M0008_2537,1999-02-04,3.8258
M0008_2537,1999-02-05,3.6069
M0008_2537,1999-02-08,3.6069
M0008_2537,1999-02-09,3.6069
M0008_2537,1999-02-10,3.6069
M0008_2537,1999-02-11,3.6069
M0008_2537,1999-02-12,3.6793
M0008_2537,1999-02-15,3.6793
M0008_2537,1999-02-16,3.6793
M0008_2537,1999-02-17,3.6793
M0008_2537,1999-02-18,3.6793
M0008_2537,1999-02-19,3.5585
M0008_2537,1999-02-22,3.5585
M0008_2537,1999-02-23,3.5585
M0008_2537,1999-02-24,3.5585
M0008_2537,1999-02-25,3.5585
M0008_2537,1999-02-26,3.5953
M0008_2537,1999-03-02,3.5953
M0008_2537,1999-03-03,3.5953
M0008_2537,1999-03-04,3.5953
M0008_2537,1999-03-05,3.5732
M0008_2537,1999-03-08,3.5732
M0008_2537,1999-03-09,3.5732
M0008_2537,1999-03-10,3.5732
M0008_2537,1999-03-11,3.5732
M0008_2537,1999-03-12,3.7251
M0008_2537,1999-03-15,3.7251
M0008_2537,1999-03-16,3.7251
M0008_2537,1999-03-17,3.7251
M0008_2537,1999-03-18,3.7251
M0008_2537,1999-03-19,3.8828
M0008_2537,1999-03-22,3.8828
M0008_2537,1999-03-23,3.8828
M0008_2537,1999-03-24,3.8828
M0008_2537,1999-03-25,3.8828
M0008_2537,1999-03-26,3.8862
M0008_2537,1999-03-29,3.8862
M0008_2537,1999-03-30,3.8862
M0008_2537,1999-03-31,3.8862
M0008_2537,1999-04-01,3.8862
M0008_2537,1999-04-02,3.8127
M0008_2537,1999-04-05,3.8127
M0008_2537,1999-04-07,3.8127
M0008_2537,1999-04-08,3.8127
M0008_2537,1999-04-09,3.9723
M0008_2537,1999-04-12,3.9723
M0008_2537,1999-04-16,4.2579
M0008_2537,1999-04-19,4.2579
M0008_2537,1999-04-20,4.2579
M0008_2537,1999-04-21,4.2579
M0008_2537,1999-04-22,4.2579
M0008_2537,1999-04-23,4.233
M0008_2537,1999-04-26,4.233
M0008_2537,1999-04-27,4.233
M0008_2537,1999-04-28,4.233
M0008_2537,1999-04-29,4.233
M0008_2537,1999-04-30,4.5292
M0008_2537,1999-05-04,4.5292
M0008_2537,1999-05-06,4.5292
M0008_2537,1999-05-07,4.9298
M0008_2537,1999-05-10,4.9298
M0008_2537,1999-05-11,4.9298
M0008_2537,1999-05-12,4.9298
M0008_2537,1999-05-13,4.9298
M0008_2537,1999-05-14,4.8565
M0008_2537,1999-05-17,4.8565
M0008_2537,1999-05-18,4.8565
M0008_2537,1999-05-19,4.8565
M0008_2537,1999-05-20,4.8565
M0008_2537,1999-05-21,4.7925
M0008_2537,1999-05-24,4.7925
M0008_2537,1999-05-25,4.7925
M0008_2537,1999-05-26,4.7925
M0008_2537,1999-05-27,4.7925
M0008_2537,1999-05-28,4.5943
M0008_2537,1999-06-01,4.5943
M0008_2537,1999-06-02,4.5943
M0008_2537,1999-06-03,4.5943
M0008_2537,1999-06-04,4.7283
M0008_2537,1999-06-07,4.7283
M0008_2537,1999-06-08,4.7283
M0008_2537,1999-06-09,4.7283
M0008_2537,1999-06-10,4.7283
M0008_2537,1999-06-11,4.9452
M0008_2537,1999-06-14,4.9452
M0008_2537,1999-06-15,4.9452
M0008_2537,1999-06-16,4.9452
M0008_2537,1999-06-17,4.9452
M0008_2537,1999-06-18,5.0046
M0008_2537,1999-06-21,5.0046
M0008_2537,1999-06-22,5.0046
M0008_2537,1999-06-23,5.0046
M0008_2537,1999-06-24,5.0046
M0008_2537,1999-06-25,5.0618
M0008_2537,1999-06-28,5.0618
M0008_2537,1999-06-29,5.0618
M0008_2537,1999-06-30,5.0618
M0008_2537,1999-07-02,5.0266
M0008_2537,1999-07-05,5.0266
M0008_2537,1999-07-06,5.0266
M0008_2537,1999-07-07,5.0266
M0008_2537,1999-07-08,5.0266
M0008_2537,1999-07-09,4.8301
M0008_2537,1999-07-12,4.8301
M0008_2537,1999-07-13,4.8301
M0008_2537,1999-07-14,4.8301
M0008_2537,1999-07-15,4.8301
M0008_2537,1999-07-16,4.7249
M0008_2537,1999-07-19,4.7249
M0008_2537,1999-07-20,4.7249
M0008_2537,1999-07-21,4.7249
M0008_2537,1999-07-22,4.7249
M0008_2537,1999-07-23,4.5998
M0008_2537,1999-07-26,4.5998
M0008_2537,1999-07-27,4.5998
M0008_2537,1999-07-29,4.5998
M0008_2537,1999-07-30,4.5179
M0008_2537,1999-08-02,4.5179
M0008_2537,1999-08-03,4.5179
M0008_2537,1999-08-04,4.5179
M0008_2537,1999-08-05,4.5179
M0008_2537,1999-08-06,4.3823
M0008_2537,1999-08-09,4.3823
M0008_2537,1999-08-10,4.3823
M0008_2537,1999-08-11,4.3823
M0008_2537,1999-08-13,4.2225
M0008_2537,1999-08-16,4.2225
M0008_2537,1999-08-17,4.2225
M0008_2537,1999-08-18,4.2225
M0008_2537,1999-08-19,4.2225
M0008_2537,1999-08-20,4.4493
M0008_2537,1999-08-23,4.4493
M0008_2537,1999-08-24,4.4493
M0008_2537,1999-08-25,4.4493
M0008_2537,1999-08-26,4.4493
M0008_2537,1999-08-27,4.583
M0008_2537,1999-08-30,4.583
M0008_2537,1999-08-31,4.583
M0008_2537,1999-09-01,4.583
M0008_2537,1999-09-02,4.583
M0008_2537,1999-09-03,4.3665
M0008_2537,1999-09-06,4.3665
M0008_2537,1999-09-07,4.3665
M0008_2537,1999-09-08,4.3665
M0008_2537,1999-09-09,4.3665
M0008_2537,1999-09-10,4.2948
M0008_2537,1999-09-13,4.2948
M0008_2537,1999-09-14,4.2948
M0008_2537,1999-09-15,4.2948
M0008_2537,1999-09-16,4.2948
M0008_2537,1999-09-17,4.2761
M0008_2537,1999-09-20,4.2761
M0008_2537,1999-09-21,4.2761
M0008_2537,1999-09-22,4.2761
M0008_2537,1999-09-23,4.2761
M0008_2537,1999-09-24,3.8669
M0008_2537,1999-09-27,3.8669
M0008_2537,1999-09-28,3.8669
M0008_2537,1999-09-29,3.8669
M0008_2537,1999-09-30,3.8669
M0008_2537,1999-10-01,4.1313
M0008_2537,1999-10-04,4.1313
M0008_2537,1999-10-05,4.1313
M0008_2537,1999-10-06,4.1313
M0008_2537,1999-10-07,4.1313
M0008_2537,1999-10-08,4.018
M0008_2537,1999-10-11,4.018
M0008_2537,1999-10-12,4.018
M0008_2537,1999-10-13,4.018
M0008_2537,1999-10-14,4.018
M0008_2537,1999-10-15,3.9579
M0008_2537,1999-10-18,3.9579
M0008_2537,1999-10-19,3.9579
M0008_2537,1999-10-20,3.9579
M0008_2537,1999-10-21,3.9579
M0008_2537,1999-10-22,3.8948
M0008_2537,1999-10-26,3.8948
M0008_2537,1999-10-27,3.8948
M0008_2537,1999-10-28,3.8948
M0008_2537,1999-10-29,4.0783
M0008_2537,1999-11-01,4.0783
M0008_2537,1999-11-02,4.0783
M0008_2537,1999-11-03,4.0783
M0008_2537,1999-11-04,4.0783
M0008_2537,1999-11-05,4.2222
M0008_2537,1999-11-08,4.2222
M0008_2537,1999-11-09,4.2222
M0008_2537,1999-11-10,4.2222
M0008_2537,1999-11-11,4.2222
M0008_2537,1999-11-12,4.2941
M0008_2537,1999-11-15,4.2941
M0008_2537,1999-11-16,4.2941
M0008_2537,1999-11-17,4.2941
M0008_2537,1999-11-18,4.2941
M0008_2537,1999-11-19,4.1054
M0008_2537,1999-11-22,4.1054
M0008_2537,1999-11-23,4.1054
M0008_2537,1999-11-24,4.1054
M0008_2537,1999-11-25,4.1054
M0008_2537,1999-11-26,4.1391
M0008_2537,1999-11-29,4.1391
M0008_2537,1999-11-30,4.1391
M0008_2537,1999-12-01,4.1391
M0008_2537,1999-12-02,4.1391
M0008_2537,1999-12-03,4.0818
M0008_2537,1999-12-07,4.0818
M0008_2537,1999-12-08,4.0818
M0008_2537,1999-12-09,4.1643
M0008_2537,1999-12-13,4.1643
M0008_2537,1999-12-14,4.1643
M0008_2537,1999-12-15,4.1643
M0008_2537,1999-12-16,4.1643
M0008_2537,1999-12-17,4.2888
M0008_2537,1999-12-20,4.2888
M0008_2537,1999-12-21,4.2888
M0008_2537,1999-12-22,4.2888
M0008_2537,1999-12-23,4.2888
M0008_2537,1999-12-24,4.4107
M0008_2537,1999-12-27,4.4107
M0008_2537,1999-12-28,4.4107
M0008_2537,1999-12-29,4.4107
M0008_2537,1999-12-30,4.5709
M0008_2537,2000-01-04,4.5709
M0008_2537,2000-01-05,4.5709
M0008_2537,2000-01-06,4.5709
M0008_2537,2000-01-07,4.26
M0008_2537,2000-01-10,4.26
M0008_2537,2000-01-11,4.26
M0008_2537,2000-01-12,4.26
M0008_2537,2000-01-13,4.26
M0008_2537,2000-01-14,4.4618
M0008_2537,2000-01-17,4.4618
M0008_2537,2000-01-18,4.4618
M0008_2537,2000-01-19,4.4618
M0008_2537,2000-01-20,4.4618
M0008_2537,2000-01-21,4.5646
M0008_2537,2000-01-24,4.5646
M0008_2537,2000-01-25,4.5646
M0008_2537,2000-01-26,4.5646
M0008_2537,2000-01-27,4.5646
M0008_2537,2000-01-28,4.513
M0008_2537,2000-01-31,4.513
M0008_2537,2000-02-01,4.513
M0008_2537,2000-02-02,4.513
M0008_2537,2000-02-03,4.513
M0008_2537,2000-02-04,4.447
M0008_2537,2000-02-07,4.447
M0008_2537,2000-02-08,4.447
M0008_2537,2000-02-09,4.447
M0008_2537,2000-02-10,4.447
M0008_2537,2000-02-11,4.337
M0008_2537,2000-02-14,4.337
M0008_2537,2000-02-15,4.337
M0008_2537,2000-02-16,4.337
M0008_2537,2000-02-17,4.337
M0008_2537,2000-02-18,3.9184
M0008_2537,2000-02-22,3.9184
M0008_2537,2000-02-23,3.9184
M0008_2537,2000-02-24,3.9184
M0008_2537,2000-02-25,3.8891
M0008_2537,2000-02-28,3.8891
M0008_2537,2000-02-29,3.8891
M0008_2537,2000-03-01,3.8891
M0008_2537,2000-03-02,3.8891
M0008_2537,2000-03-03,3.6854
M0008_2537,2000-03-06,3.6854
M0008_2537,2000-03-07,3.6854
M0008_2537,2000-03-08,3.6854
M0008_2537,2000-03-09,3.6854
M0008_2537,2000-03-10,3.8427
M0008_2537,2000-03-13,3.8427
M0008_2537,2000-03-14,3.8427
M0008_2537,2000-03-15,3.8427
M0008_2537,2000-03-16,3.8427
M0008_2537,2000-03-17,3.7912
M0008_2537,2000-03-20,3.7912
M0008_2537,2000-03-21,3.7912
M0008_2537,2000-03-22,3.7912
M0008_2537,2000-03-23,3.7912
M0008_2537,2000-03-24,3.7592
M0008_2537,2000-03-27,3.7592
M0008_2537,2000-03-28,3.7592
M0008_2537,2000-03-29,3.7592
M0008_2537,2000-03-30,3.7592
M0008_2537,2000-03-31,3.7608
M0008_2537,2000-04-03,3.7608
M0008_2537,2000-04-04,3.7608
M0008_2537,2000-04-05,3.7608
M0008_2537,2000-04-07,3.8142
M0008_2537,2000-04-10,3.8142
M0008_2537,2000-04-11,3.8142
M0008_2537,2000-04-12,3.9251
M0008_2537,2000-04-17,3.9251
M0008_2537,2000-04-18,3.9251
M0008_2537,2000-04-19,3.9251
M0008_2537,2000-04-20,3.9251
M0008_2537,2000-04-21,3.7537
M0008_2537,2000-04-24,3.7537
M0008_2537,2000-04-25,3.7537
M0008_2537,2000-04-26,3.7537
M0008_2537,2000-04-27,3.7537
M0008_2537,2000-04-28,3.7206
M0008_2537,2000-05-02,3.7206
M0008_2537,2000-05-03,3.7206
M0008_2537,2000-05-04,3.6179
M0008_2537,2000-05-08,3.6179
M0008_2537,2000-05-09,3.6179
M0008_2537,2000-05-10,3.6179
M0008_2537,2000-05-11,3.6179
M0008_2537,2000-05-12,3.3261
M0008_2537,2000-05-15,3.3261
M0008_2537,2000-05-16,3.3261
M0008_2537,2000-05-18,3.3261
M0008_2537,2000-05-19,3.298
M0008_2537,2000-05-22,3.298
M0008_2537,2000-05-23,3.298
M0008_2537,2000-05-24,3.298
M0008_2537,2000-05-25,3.298
M0008_2537,2000-05-26,3.0408
M0008_2537,2000-05-29,3.0408
M0008_2537,2000-05-30,3.0408
M0008_2537,2000-05-31,3.0408
M0008_2537,2000-06-01,3.0408
M0008_2537,2000-06-02,3.3052
M0008_2537,2000-06-05,3.3052
M0008_2537,2000-06-06,3.3052
M0008_2537,2000-06-07,3.3052
M0008_2537,2000-06-08,3.3052
M0008_2537,2000-06-09,3.3151
M0008_2537,2000-06-12,3.3151
M0008_2537,2000-06-13,3.3151
M0008_2537,2000-06-14,3.3151
M0008_2537,2000-06-15,3.3151
M0008_2537,2000-06-16,3.352
M0008_2537,2000-06-19,3.352
M0008_2537,2000-06-20,3.352
M0008_2537,2000-06-21,3.352
M0008_2537,2000-06-22,3.352
M0008_2537,2000-06-23,3.2421
M0008_2537,2000-06-26,3.2421
M0008_2537,2000-06-27,3.2421
M0008_2537,2000-06-28,3.2421
M0008_2537,2000-06-29,3.2421
M0008_2537,2000-06-30,3.1597
M0008_2537,2000-07-03,3.1597
M0008_2537,2000-07-04,3.1597
M0008_2537,2000-07-05,3.1597
M0008_2537,2000-07-06,3.1597
M0008_2537,2000-07-07,3.1596
M0008_2537,2000-07-10,3.1596
M0008_2537,2000-07-11,3.1596
M0008_2537,2000-07-12,3.1596
M0008_2537,2000-07-13,3.1596
M0008_2537,2000-07-14,3.0784
M0008_2537,2000-07-18,3.0784
M0008_2537,2000-07-19,3.0784
M0008_2537,2000-07-20,3.0784
M0008_2537,2000-07-21,3.0022
M0008_2537,2000-07-24,3.0022
M0008_2537,2000-07-25,3.0022
M0008_2537,2000-07-26,3.0022
M0008_2537,2000-07-27,3.0022
M0008_2537,2000-07-28,2.8571
M0008_2537,2000-07-31,2.8571
M0008_2537,2000-08-01,2.8571
M0008_2537,2000-08-02,2.8571
M0008_2537,2000-08-03,2.8571
M0008_2537,2000-08-04,2.9752
M0008_2537,2000-08-07,2.9752
M0008_2537,2000-08-08,2.9752
M0008_2537,2000-08-09,2.9752
M0008_2537,2000-08-10,2.9752
M0008_2537,2000-08-11,3.0114
M0008_2537,2000-08-15,3.0114
M0008_2537,2000-08-16,3.0114
M0008_2537,2000-08-17,3.0114
M0008_2537,2000-08-18,3.0379
M0008_2537,2000-08-21,3.0379
M0008_2537,2000-08-22,3.0379
M0008_2537,2000-08-23,3.0379
M0008_2537,2000-08-24,3.0379
M0008_2537,2000-08-25,2.9581
M0008_2537,2000-08-28,2.9581
M0008_2537,2000-08-29,2.9581
M0008_2537,2000-08-30,2.9581
M0008_2537,2000-08-31,2.9581
M0008_2537,2000-09-01,2.975
M0008_2537,2000-09-04,2.975
M0008_2537,2000-09-05,2.975
M0008_2537,2000-09-06,2.975
M0008_2537,2000-09-07,2.975
M0008_2537,2000-09-08,2.868
M0008_2537,2000-09-11,2.868
M0008_2537,2000-09-12,2.868
M0008_2537,2000-09-13,2.868
M0008_2537,2000-09-14,2.868
M0008_2537,2000-09-15,2.7996
M0008_2537,2000-09-18,2.7996
M0008_2537,2000-09-19,2.7996
M0008_2537,2000-09-20,2.7996
M0008_2537,2000-09-21,2.7996
M0008_2537,2000-09-22,2.5777
M0008_2537,2000-09-25,2.5777
M0008_2537,2000-09-26,2.5777
M0008_2537,2000-09-27,2.5777
M0008_2537,2000-09-28,2.5777
M0008_2537,2000-09-29,2.6426
M0008_2537,2000-10-02,2.6426
M0008_2537,2000-10-03,2.6426
M0008_2537,2000-10-04,2.6426
M0008_2537,2000-10-05,2.6426
M0008_2537,2000-10-06,2.5492
M0008_2537,2000-10-09,2.5492
M0008_2537,2000-10-10,2.5492
M0008_2537,2000-10-11,2.5492
M0008_2537,2000-10-12,2.5492
M0008_2537,2000-10-13,2.4415
M0008_2537,2000-10-16,2.4415
M0008_2537,2000-10-17,2.4415
M0008_2537,2000-10-18,2.4415
M0008_2537,2000-10-19,2.4415
M0008_2537,2000-10-20,2.7104
M0008_2537,2000-10-24,2.7104
M0008_2537,2000-10-25,2.7104
M0008_2537,2000-10-26,2.7104
M0008_2537,2000-10-27,2.6647
M0008_2537,2000-10-30,2.6647
M0008_2537,2000-10-31,2.6647
M0008_2537,2000-11-01,2.6647
M0008_2537,2000-11-02,2.6647
M0008_2537,2000-11-03,2.8176
M0008_2537,2000-11-06,2.8176
M0008_2537,2000-11-07,2.8176
M0008_2537,2000-11-08,2.8176
M0008_2537,2000-11-09,2.8176
M0008_2537,2000-11-10,2.8706
M0008_2537,2000-11-13,2.8706
M0008_2537,2000-11-14,2.8706
M0008_2537,2000-11-15,2.8706
M0008_2537,2000-11-16,2.8706
M0008_2537,2000-11-17,2.8834
M0008_2537,2000-11-20,2.8834
M0008_2537,2000-11-21,2.8834
M0008_2537,2000-11-22,2.8834
M0008_2537,2000-11-23,2.8834
M0008_2537,2000-11-24,2.7865
M0008_2537,2000-11-27,2.7865
M0008_2537,2000-11-28,2.7865
M0008_2537,2000-11-29,2.7865
M0008_2537,2000-11-30,2.7865
M0008_2537,2000-12-01,2.6728
M0008_2537,2000-12-04,2.6728
M0008_2537,2000-12-06,2.6728
M0008_2537,2000-12-07,2.6728
M0008_2537,2000-12-08,2.6607
M0008_2537,2000-12-12,2.6607
M0008_2537,2000-12-13,2.6607
M0008_2537,2000-12-14,2.6607
M0008_2537,2000-12-15,2.648
M0008_2537,2000-12-18,2.648
M0008_2537,2000-12-19,2.648
M0008_2537,2000-12-20,2.648
M0008_2537,2000-12-21,2.648
M0008_2537,2000-12-22,2.6013
M0008_2537,2000-12-25,2.6013
M0008_2537,2000-12-26,2.6013
M0008_2537,2000-12-27,2.6013
M0008_2537,2000-12-28,2.6013
M0008_2537,2000-12-29,2.6279
M0008_2537,2001-01-03,2.6279
M0008_2537,2001-01-04,2.6279
M0008_2537,2001-01-05,2.785
M0008_2537,2001-01-08,2.785
M0008_2537,2001-01-09,2.785
M0008_2537,2001-01-10,2.785
M0008_2537,2001-01-11,2.785
M0008_2537,2001-01-12,3.0293
M0008_2537,2001-01-15,3.0293
M0008_2537,2001-01-16,3.0293
M0008_2537,2001-01-17,3.0293
M0008_2537,2001-01-18,3.0293
M0008_2537,2001-01-19,3.0429
M0008_2537,2001-01-22,3.0429
M0008_2537,2001-01-23,3.0429
M0008_2537,2001-01-24,3.0429
M0008_2537,2001-01-25,3.0429
M0008_2537,2001-01-26,3.1178
M0008_2537,2001-01-29,3.1178
M0008_2537,2001-01-30,3.1178
M0008_2537,2001-01-31,3.1178
M0008_2537,2001-02-01,3.1178
M0008_2537,2001-02-02,3.1462
M0008_2537,2001-02-05,3.1462
M0008_2537,2001-02-06,3.1462
M0008_2537,2001-02-07,3.1462
M0008_2537,2001-02-09,3.0769
M0008_2537,2001-02-12,3.0769
M0008_2537,2001-02-13,3.0769
M0008_2537,2001-02-14,3.0769
M0008_2537,2001-02-15,3.0769
M0008_2537,2001-02-16,2.9992
M0008_2537,2001-02-19,2.9992
M0008_2537,2001-02-20,2.9992
M0008_2537,2001-02-21,2.9992
M0008_2537,2001-02-22,2.9992
M0008_2537,2001-02-23,3.0563
M0008_2537,2001-02-26,3.0563
M0008_2537,2001-02-27,3.0563
M0008_2537,2001-02-28,3.0563
M0008_2537,2001-03-01,3.0563
M0008_2537,2001-03-02,2.8598
M0008_2537,2001-03-05,2.8598
M0008_2537,2001-03-06,2.8598
M0008_2537,2001-03-07,2.8598
M0008_2537,2001-03-08,2.8598
M0008_2537,2001-03-09,2.8689
M0008_2537,2001-03-12,2.8689
M0008_2537,2001-03-13,2.8689
M0008_2537,2001-03-14,2.8689
M0008_2537,2001-03-15,2.8689
M0008_2537,2001-03-16,2.737
M0008_2537,2001-03-19,2.737
M0008_2537,2001-03-20,2.737
M0008_2537,2001-03-21,2.737
M0008_2537,2001-03-22,2.737
M0008_2537,2001-03-23,2.7225
M0008_2537,2001-03-26,2.7225
M0008_2537,2001-03-27,2.7225
M0008_2537,2001-03-28,2.7225
M0008_2537,2001-03-29,2.7225
M0008_2537,2001-03-30,2.7197
M0008_2537,2001-04-02,2.7197
M0008_2537,2001-04-03,2.7197
M0008_2537,2001-04-04,2.7197
M0008_2537,2001-04-05,2.6467
M0008_2537,2001-04-09,2.6467
M0008_2537,2001-04-10,2.6467
M0008_2537,2001-04-11,2.6467
M0008_2537,2001-04-12,2.7364
M0008_2537,2001-04-17,2.7364
M0008_2537,2001-04-18,2.7364
M0008_2537,2001-04-19,2.7364
M0008_2537,2001-04-20,2.7456
M0008_2537,2001-04-23,2.7456
M0008_2537,2001-04-24,2.7456
M0008_2537,2001-04-25,2.7456
M0008_2537,2001-04-26,2.7456
M0008_2537,2001-04-27,2.7473
M0008_2537,2001-04-30,2.7473
M0008_2537,2001-05-02,2.7473
M0008_2537,2001-05-03,2.7473
M0008_2537,2001-05-04,2.7879
M0008_2537,2001-05-09,2.7879
M0008_2537,2001-05-10,2.7879
M0008_2537,2001-05-11,2.7907
M0008_2537,2001-05-14,2.7907
M0008_2537,2001-05-15,2.7907
M0008_2537,2001-05-16,2.7907
M0008_2537,2001-05-17,2.7907
M0008_2537,2001-05-18,2.7692
M0008_2537,2001-05-21,2.7692
M0008_2537,2001-05-22,2.7692
M0008_2537,2001-05-23,2.7692
M0008_2537,2001-05-24,2.7692
M0008_2537,2001-05-25,2.8669
M0008_2537,2001-05-28,2.8669
M0008_2537,2001-05-29,2.8669
M0008_2537,2001-05-30,2.8669
M0008_2537,2001-05-31,2.8669
M0008_2537,2001-06-01,2.8134
M0008_2537,2001-06-04,2.8134
M0008_2537,2001-06-05,2.8134
M0008_2537,2001-06-06,2.8134
M0008_2537,2001-06-07,2.8134
M0008_2537,2001-06-08,2.7995
M0008_2537,2001-06-11,2.7995
M0008_2537,2001-06-12,2.7995
M0008_2537,2001-06-13,2.7995
M0008_2537,2001-06-14,2.7995
M0008_2537,2001-06-15,2.9016
M0008_2537,2001-06-18,2.9016
M0008_2537,2001-06-19,2.9016
M0008_2537,2001-06-20,2.9016
M0008_2537,2001-06-21,2.9016
M0008_2537,2001-06-22,2.8667
M0008_2537,2001-06-25,2.8667
M0008_2537,2001-06-26,2.8667
M0008_2537,2001-06-27,2.8667
M0008_2537,2001-06-28,2.8667
M0008_2537,2001-06-29,2.8658
M0008_2537,2001-07-02,2.8658
M0008_2537,2001-07-03,2.8658
M0008_2537,2001-07-04,2.8658
M0008_2537,2001-07-05,2.8823
M0008_2537,2001-07-09,2.8823
M0008_2537,2001-07-10,2.8823
M0008_2537,2001-07-11,2.8823
M0008_2537,2001-07-12,2.8823
M0008_2537,2001-07-13,2.781
M0008_2537,2001-07-16,2.781
M0008_2537,2001-07-17,2.781
M0008_2537,2001-07-18,2.781
M0008_2537,2001-07-19,2.781
M0008_2537,2001-07-20,2.7379
M0008_2537,2001-07-23,2.7379
M0008_2537,2001-07-24,2.7379
M0008_2537,2001-07-25,2.7379
M0008_2537,2001-07-26,2.7379
M0008_2537,2001-07-27,2.7379
M0008_2537,2001-07-30,2.7379
M0008_2537,2001-07-31,2.7379
M0008_2537,2001-08-01,2.7379
M0008_2537,2001-08-02,2.7379
M0008_2537,2001-08-03,2.7379
M0008_2537,2001-08-06,2.7379
M0008_2537,2001-08-07,2.7379
M0008_2537,2001-08-08,2.7379
M0008_2537,2001-08-09,2.7379
M0008_2537,2001-08-10,2.7379
M0008_2537,2001-08-14,2.7379
M0008_2537,2001-08-15,2.7379
M0008_2537,2001-08-16,2.7379
M0008_2537,2001-08-17,2.7379
M0008_2537,2001-08-20,2.7379
M0008_2537,2001-08-21,2.7379
M0008_2537,2001-08-22,2.7379
M0008_2537,2001-08-23,2.7379
M0008_2537,2001-08-24,2.8739
M0008_2537,2001-08-27,2.8739
M0008_2537,2001-08-28,2.8739
M0008_2537,2001-08-29,2.8739
M0008_2537,2001-08-30,2.8739
M0008_2537,2001-08-31,2.9096
M0008_2537,2001-09-03,2.9096
M0008_2537,2001-09-04,2.9096
M0008_2537,2001-09-05,2.9096
M0008_2537,2001-09-06,2.9096
M0008_2537,2001-09-07,2.9904
M0008_2537,2001-09-10,2.9904
M0008_2537,2001-09-11,2.9904
M0008_2537,2001-09-13,2.9904
M0008_2537,2001-09-14,2.5495
M0008_2537,2001-09-17,2.5495
M0008_2537,2001-09-18,2.5495
M0008_2537,2001-09-19,2.5495
M0008_2537,2001-09-20,2.5495
M0008_2537,2001-09-21,2.4316
M0008_2537,2001-09-24,2.4316
M0008_2537,2001-09-25,2.4316
M0008_2537,2001-09-26,2.4316
M0008_2537,2001-09-27,2.4316
M0008_2537,2001-09-28,2.4642
M0008_2537,2001-10-01,2.4642
M0008_2537,2001-10-02,2.4642
M0008_2537,2001-10-03,2.4642
M0008_2537,2001-10-04,2.4642
M0008_2537,2001-10-05,2.5147
M0008_2537,2001-10-08,2.5147
M0008_2537,2001-10-09,2.5147
M0008_2537,2001-10-10,2.5147
M0008_2537,2001-10-11,2.5147
M0008_2537,2001-10-12,2.5257
M0008_2537,2001-10-15,2.5257
M0008_2537,2001-10-16,2.5257
M0008_2537,2001-10-17,2.5257
M0008_2537,2001-10-18,2.5257
M0008_2537,2001-10-19,2.5068
M0008_2537,2001-10-22,2.5068
M0008_2537,2001-10-24,2.5068
M0008_2537,2001-10-25,2.5068
M0008_2537,2001-10-26,2.4634
M0008_2537,2001-10-29,2.4634
M0008_2537,2001-10-30,2.4634
M0008_2537,2001-10-31,2.4634
M0008_2537,2001-11-01,2.4634
M0008_2537,2001-11-02,2.3997
M0008_2537,2001-11-05,2.3997
M0008_2537,2001-11-06,2.3997
M0008_2537,2001-11-07,2.3997
M0008_2537,2001-11-08,2.3997
M0008_2537,2001-11-09,2.347
M0008_2537,2001-11-12,2.347
M0008_2537,2001-11-13,2.347
M0008_2537,2001-11-14,2.347
M0008_2537,2001-11-15,2.347
M0008_2537,2001-11-16,2.4197
M0008_2537,2001-11-19,2.4197
M0008_2537,2001-11-20,2.4197
M0008_2537,2001-11-21,2.4197
M0008_2537,2001-11-22,2.4197
M0008_2537,2001-11-23,2.5927
M0008_2537,2001-11-26,2.5927
M0008_2537,2001-11-27,2.5927
M0008_2537,2001-11-28,2.5927
M0008_2537,2001-11-29,2.5927
M0008_2537,2001-11-30,2.6741
M0008_2537,2001-12-03,2.6741
M0008_2537,2001-12-04,2.6741
M0008_2537,2001-12-06,2.6741
M0008_2537,2001-12-07,2.6612
M0008_2537,2001-12-11,2.6612
M0008_2537,2001-12-12,2.6612
M0008_2537,2001-12-13,2.6612
M0008_2537,2001-12-14,2.5543
M0008_2537,2001-12-17,2.5543
M0008_2537,2001-12-18,2.5543
M0008_2537,2001-12-19,2.5543
M0008_2537,2001-12-20,2.5543
